ID,Name,Short Name,AICTE Code,EAMCET Code,L4G Code,L4G Group Code,Type,Address,Website,LatLong,District
1,A K R G College of Engineering and Technology,,,AKRG,C095,,Unknown,,,,West Godavari
2,A. A. N. M. & V. V. R. S. R. Polytechnic,,,,C459,,Unknown,,.,,Krishna
3,Aar Mahaveer Engineering College,,,AARM,C254,,Unknown,,https://www.aarm.ac.in/,,Hyderabad
4,Aarupadai Veedu Institute Of Technology,,,,C412,,Unknown,,https://avit.ac.in/,,Chennai
5,Abdul Kalam Institute of Technological Sciences,,,AKIT,C281,,Unknown,,https://akits.ac.in/,,Khammam
6,ABR College of Engineering and Technology,,,,C458,,Unknown,,abrcet.ac.in,,Prakasam
7,AC Patil College of Engineering,,,,C483,,Unknown,,https://www.acpce.org/,,Thane
8,ACE Engineering College,,,ACEG,C086,,Unknown,,,,Medchal
9,Acharya Nagarjuna University,,,,C309,,Unknown,,www.nagarjunauniversity.ac.in,,Guntur
10,Aditya College of Engineering,,,ACES,C051,,Unknown,,https://www.acoe.edu.in/,,East Godavari
11,Aditya College of Engineering & Technology,,,ACET,C037,,Unknown,,https://acet.ac.in/,,East Godavari
12,Aditya Global Business School,,,AGBS,C091,,Unknown,,https://aditya.ac.in/bschool/,,East Godavari
13,Aditya Institute of Technology and Management,,,ADIT,C017,,Unknown,,https://www.adityatekkali.edu.in/,,Srikakulam
14,Aditya University(Aditya Engineering College),,,ADTP,C052,,Unknown,,https://www.aec.edu.in/,,East Godavari
15,Aditya Women's Degree College,,,,C368,,Unknown,,,,East Godavari
16,Akula Sree Ramulu College of Engineering,,,ASEK,C223,,Unknown,,https://bedtnk.asrgroup.co.in/,,West Godavari
17,Alliance College of Engineering and Design,,,,C478,,Unknown,,,,Bangalore
18,Alva's Institute Of Engineering and Technology,,,,C398,,Unknown,,aiet.org.in,,Dakshina Kannada
19,Amalapuram Institute of Management Sceinces & College of Engineering,,,AIME,C076,,Unknown,,,,East Godavari
20,"Amity University, Hyderabad",,,,C311,,Unknown,,https://amityonlinemba.org.in/,,Hyderabad
21,"Amrita Vishwa Vidyapeetham, Coimbatore",,,,C413,,Unknown,,https://www.amrita.edu/,,Coimbatore
22,Amritha Sai Institute of Science and Technology  Paritala,,,ASIP,C226,,Unknown,,https://amritasai.org.in/,,Krishna
23,Anantha Lakshmi Institute of Technology and Sciences,,,ALTS,C239,,Unknown,,https://alits.ac.in/,,Anantapur
24,Andhra Loyola Institute of Engineering and Technology,,,ALIT,C096,,Unknown,,http://aliet.ac.in/,,Krishna
25,Andhra University,,,,C312,,Unknown,,https://www.andhrauniversity.edu.in/,,Visakhapatnam
26,Anil Neerukonda Institute of Technology & Science,,,ANIL,C097,,Unknown,,https://anits.edu.in/,,Visakhapatnam
27,Annabattuni Satyanarayana Degree College,,,,C462,,Unknown,,amritasai.org.in,,Krishna
28,Annai College Of Arts & Science,,,,C492,,Unknown,,https://www.annaicollege.com/,,Tiruchirappalli
29,"Annamacharya Institute of Technology and Sciences, Kadapa",,,AITK,C050,,Unknown,,https://aitskadapa.ac.in/,,Kadapa
30,"Annamacharya University (Annamacharya Institute of Technology and Sciences, Rajampet)",,,AITS,C058,,Unknown,,https://aitsrajampet.ac.in/,,Kadapa
31,"Annamacharya Institute of Technology and Sciences, Tirupati",,,AITT,C053,,Unknown,,https://aits-tpt.edu.in/,,Chittoor
32,"Annamacharya Institute of Technology and Sciences, Hyderabad",,,AITH,C366,,Unknown,,,,Hyderabad
33,Anubose Institute of Technology,,,BOSE,C282,,Unknown,,https://abit.ac.in/,,Khammam
34,Anurag College of Engineering,,,ANRH,C101,,Unknown,,www.anuraghyd.ac.in,,Medchal
35,ANURAG Engineering College,,,ANRK,C100,,Unknown,,https://anurag.ac.in/,,Nalgonda
36,Anurag University,,,CVSR,C098,,Unknown,,https://anurag.edu.in/,,Medchal
37,Arya College of Engineering & IT,,,,C427,,Unknown,,aryacollege.in,,Jaipur
38,Ashoka Institute of Engineering & Technology,,,ASOK,C102,,Unknown,,http://ashoka.ac.in/,,Rangareddy
39,Audisankara Institute of Technology,,,ASIT,C042,,Unknown,,https://www.audisankara.ac.in/,,Nellore
40,Audisankara College of Engineering & Technology,,,SANK,C039,,Unknown,,,,Goalpara
41,Audisankara College of Engineering for Women,,,ASCW,C103,,Unknown,,,,Nellore
42,Aurora Technological & Research Institute,,,AURP,C104,,Unknown,,https://www.aurora.edu.in/,,Rangareddy
43,Aurora University,,,,C336,,Unknown,,https://www.atri.edu.in/,,Unknown
44,Auroras Engineering College,,,AURB,C108,,Unknown,,https://www.aurora.ac.in/,,Hyderabad
45,Auroras Scientific and Technological Institute,,,AURG,C109,,Unknown,,https://www.asti.edu.in/,,Medchal
46,Auroras Scientific Technological & Research Academy,,,AURC,C106,,Unknown,,https://www.astra.edu.in/,,Rangareddy
47,Auroras Technological & Management Academy,,,AURK,C107,,Unknown,,https://www.aurora.in/atma/,,Rangareddy
48,Avanthi Degree and Pg college,,,,C443,,Unknown,,http://avanthicollege.ac.in/,,Rangareddy
49,Avanthi Institute of Engineering & Technology,,,AVEN,C111,,Unknown,,https://aietg.ac.in/,,Bhandara
50,Avanthi Institute of Engineering and Technology,,,AVIH,C110,,Unknown,,https://aietg.ac.in/,,Unknown
51,Avanthis Postgraduate & Research Academy,,,ARPA,C113,,Unknown,,https://www.avanthi.edu.in/program8,,Bhandara
52,Avanthis Scientific Technological & Research Academy,,,ASRA,C112,,Unknown,,https://avanthi.edu.in/ASRA/,,Bhandara
53,Avanthis St. Theressa Institute of Engineering & Technology,,,ASTC,C213,,Unknown,,https://sttheressaengg.ac.in/,,Vizianagaram
54,Avn Institute of Engineering & Technology,,,AVNI,C159,,Unknown,,https://avniet.ac.in/,,Bhandara
55,B V Raju Institiute of Technology,,,BVRI,C033,,Unknown,,https://www.bvricedegree.edu.in/,,Rangareddy
56,B.R Ambedkar College Hyderabad,,,,C468,,Unknown,,https://www.braou.ac.in/#gsc.tab=0,,Rangareddy
57,B.Seetha Polytechnic College,,,SSBV1,C063,,Unknown,,https://seethapoly.edu.in/,,West Godavari
58,B.V.RAJU COLLEGE,,,,C337,,Unknown,,,,West Godavari
59,Bajaj Institute of Technology Wardha,,,,C406,,Unknown,,https://bitwardha.ac.in/,,Wardha
60,Balaji Institute of Technology & Sciences,,,BITN,C114,,Unknown,,https://bitswgl.ac.in/,,Warangal Rural
61,Bapatla Engineering College,,,BECB,C115,,Unknown,,https://becbapatla.ac.in/,,Guntur
62,Bennett University,,,,C353,,Unknown,,,,Gautam Buddha Nagar
63,Bhagwantrao Arts & Science College,,,,C484,,Unknown,,NA,,Gadchiroli
64,Bhai Parmanand Institute of Business Studies,,,,C428,,Unknown,,https://bpibs.in/,,New Delhi
65,Bharat Institute of Engineering and Technology,,,BIET,C082,,Unknown,,https://biet.ac.in/,,Bhandara
66,Bharatiya Engineering Science and Technology Innovation University,,,,C313,,Unknown,,https://bestiu.edu.in/,,Anantapur
67,Bhaskar Engineering College,,,BSKR,C166,,Unknown,,https://www.bec.edu.in/,,Bhandara
68,Bhoj Reddy Engineering College For Women,,,BREW,C255,,Unknown,,http://www.brecw.ac.in/,,Bhandara
69,BIT Institute of Technology,,,BTHP,C240,,Unknown,,,,Anantapur
70,BMS College of Engineering,,,,C395,,Unknown,,bmsce.ac.in,,Bangalore
71,BMS Institute of Technology and Management,,,,C392,,Unknown,,bmsit.ac.in,,Bangalore
72,Bomma Institute of Technology & Science,,,BOMA,C116,,Unknown,,www.bomma.ac.in,,Unknown
73,Brindavan Institute of Technology and Science,,,BRNK,C244,,Unknown,,https://www.bitskurnool.edu.in/,,Kurnool
74,BVC College of Engineering,,,BVCR,C011,,Unknown,,https://bvcr.edu.in/,,East Godavari
75,BVC Engineering College,,,BVCE,C010,,Unknown,,https://bvcec.edu.in/,,East Godavari
76,BVC Institute of Technology and Science,,,BVTS,C025,,Unknown,,https://bvcits.edu.in/,,East Godavari
77,BVRIT HYDERABAD College of Engineering for Women,,,BVRW,C016,,Unknown,,https://bvrithyderabad.edu.in/,,Rangareddy
78,BVSR Engineering College,,,,C421,,Unknown,,https://www.bvsr.ac.in/,,Prakasam
79,"Chaitanya Bharathi Institute of Technology, Proddatur",,,CBTK,C008,,Unknown,,https://www.cbit.ac.in/,,Kadapa
80,Centurion University,,,,C488,,Unknown,,https://cutm.ac.in,,Gajapati
81,Chadalawada Ramanamma Engineering College,,,CHDL,C237,,Unknown,,https://crectirupati.ac.in/,,Chittoor
82,"Chaitanya Bharathi Institute of Technology, Hyderabad",,,CBIT,C006,,Unknown,,https://www.cbit.ac.in/,,Hyderabad
83,Chaitanya Deemed to be University,,,,C444,,Unknown,,chaitanya.edu.in,,Rangareddy
84,Chaitanya Degree & PG  College,,,,C364,,Unknown,,,,Krishna
85,Chaitanya Engineering College,,,CEVP,C126,,Unknown,,https://cec.ac.in/,,Visakhapatnam
86,Chalapathi Institute of Engineering & Technology,,,CIET,C081,,Unknown,,https://chalapathiengg.ac.in/,,Guntur
87,Chalapathi Institute of Technology,,,CITY,C088,,Unknown,,https://city.ac.in/,,Guntur
88,Chandigarh Group Of Colleges Landran,,,,C447,,Unknown,,cgc.edu.in,,Unknown
89,Chandigarh University,,,,C407,,Unknown,,,,Unknown
90,Charotar University Of Science and Technology,,,,C389,,Unknown,,,,Unknown
91,Chitkara University,,,,C386,,Unknown,,,,Unknown
92,Christ University,,,,C400,,Unknown,,,,Bangalore
93,Christu Jyothi Instititute of Technology & Science,,,CJIT,C290,,Unknown,,https://cjits.ac.in/,,Warangal
94,Cleveland state University,,,,C419,,Unknown,,,,Unknown
95,CMR College of Engineering & Technology,,,CMRK,C048,,Unknown,,https://cmrcet.ac.in/,,Unknown
96,CMR Engineering College,,,CMRN,C118,,Unknown,,https://cmrec.ac.in/,,Medchal
97,CMR Institute of Technology,,,CMRM,C119,,Unknown,,https://cmrithyderabad.edu.in/,,Medchal
98,CMR Technical Campus,,,CMRG,C031,,Unknown,,https://cmrtc.ac.in/,,Medchal
99,Coastal Institute of Technology & Management,,,CITM,C215,,Unknown,,https://www.citm.ac.in/,,Vizianagaram
100,"College of Agriculture, Nagpur",,,,C485,,Unknown,,https://www.pdkv.ac.in/?page_id=3739,,Nagpur
101,CVR College of Engineering,,,CVRH,C256,,Unknown,,https://cvr.ac.in/home4/,,Rangareddy
102,Dadi Institute of Engineering & Technology,,,DIET,C217,,Unknown,,https://diet.edu.in/,,Visakhapatnam
103,Dayananda Sagar College of Engineering,,,,C480,,Unknown,,https://www.dsce.edu.in/,,Bangalore
104,DBS Institute of Technology,,,DSIT,C054,,Unknown,,https://www.dbsinstitutions.com/,,Nellore
105,Deccan College of Engineering & Technology,,,DCET,C162,,Unknown,,https://deccancollege.ac.in/,,Hyderabad
106,Devang Patel Institute of Advance Technology and Research,,,,C474,,Unknown,,https://www.charusat.ac.in/depstar/index.html,,Anand
107,Devineni Venkata Ramana Dr Hima Sekhar MIC College of Technology,,,MICT,C024,,Unknown,,https://www.mictech.edu.in/,,Krishna
108,Dhanalakshmi Srinivasan University,,,,C494,,Unknown,,https://www.dsuniversity.ac.in/,,Tiruchirappalli
109,Dhanekula Institute of Engineering and Technology,,,DHAN,C009,,Unknown,,https://diet.ac.in/,,Krishna
110,DNR College of Engineering and Technology,,,DNRE,C120,,Unknown,,https://dnrcet.org/web/,,West Godavari
111,Dr. Ambedkar Institute Of Technology,,,,C399,,Unknown,,drait.edu.in,,Bangalore
112,"Dr. D. Y. Patil Institute of Technology, Pimpri",,,,C403,,Unknown,,https://engg.dypvp.edu.in/,,Pune
113,Dr. Lankapalli Bullayya College,,,,C422,,Unknown,,bullayya.ac.in,,Visakhapatnam
114,Dr. Paul Raj Engineering College,,,,C464,,Unknown,,dprec.ac.in,,East Godavari
115,Dr.B.R.Ambedkar Open University,,,BRAUSF,C084,,Unknown,,https://www.braou.ac.in/#gsc.tab=0,,Hyderabad
116,Dr.K.V. Subba Reddy Institute of Technology,,,KVSR,C122,,Unknown,,https://drkvsrit.ac.in/index.html,,Kurnool
117,Ashoka Women's Engineering College (Dr.K.V. Subba Reddy Institute of Technology -for Women),,,KVSW,C121,,Unknown,,,,Kurnool
118,Dr.YSR Architecture and Fine Arts University,,,,C338,,Unknown,,https://www.ysrafu.ac.in/,,Kadapa
119,East Point College of Engineering & Technology,,,,C429,,Unknown,,https://www.eastpoint.ac.in/,,Bangalore
120,Echelon Institute Of Technology,,,,C475,,Unknown,,https://eitfaridabad.com/,,Faridabad
121,Ellenki College of Engineering & Technology,,,ELEN,C123,,Unknown,,https://ellenkicet.ac.in/,,Sangareddy
122,Eluru College Of Engineering,,,,C369,,Unknown,,,,West Godavari
123,Federal Institute of Science and Technology,,,,C297,,Unknown,,https://fisat.ac.in/,,Ernakulam
124,G Narayanamma Institute of Technology & Science for Women,,,GNTW,C124,,Unknown,,https://old.gnits.ac.in/,,Hyderabad
125,G Pullaiah College of Engineering & Technology,,,PCEK,C044,,Unknown,,https://www.gpcet.ac.in/,,Kurnool
126,G. Pulla Reddy Engineering College,,,GPRE,C026,,Unknown,,https://www.gprec.ac.in/,,Anantapur
127,Galgotias University,,,,C505,,Unknown,,https://www.galgotiasuniversity.edu.in/,,Gautam Buddha Nagar
128,Ganapathy Engineering College,,,GNPT,C267,,Unknown,,www.ganapathyeng.org,,Warangal Rural
129,Gandhi Engineering College,,,,C487,,Unknown,,https://www.gec.edu.in/,,Khordha
130,Gates Institute of Technology,,,GATE,C241,,Unknown,,https://gatesit.ac.in/,,Anantapur
131,Gayathri Vidya Parishad (GVP) College of Engineering,,,GVPE,C165,,Unknown,,https://www.gvpce.ac.in/,,Visakhapatnam
132,GDMM College of Engineering & Technology,,,GDMM,C227,,Unknown,,,,Krishna
133,Geethanjali College of Engineering & Technology,,,GCTC,C125,,Unknown,,https://www.geethanjaliinstitutions.com/engineering/,,Medchal
134,Geethanjali Institute of Science & Technology,,,GTNN,C236,,Unknown,,https://gist.edu.in/,,Nellore
135,GIET College of Engineering,,,GIET,C129,,Unknown,,https://giet.ac.in/,,East Godavari
136,GIET Engineering College,,,GITE,C128,,Unknown,,https://www.gietec.ac.in/,,East Godavari
137,GITAM University Hyderabad,,,,C379,,Unknown,,,,Unknown
138,"GITAM University, Vizag",,,,C314,,Unknown,,https://www.gitam.edu/,,Visakhapatnam
139,Global Institute of Engineering & Technology,,,GLOB,C257,,Unknown,,https://www.globalhyd.edu.in/,,Hyderabad
140,GMR Institute of Technology (GMRIT),,,GMRI,C130,,Unknown,,https://gmrit.edu.in/,,Vizianagaram
141,Godavari Global University (GGU),,,,C315,,Unknown,,https://ggu.edu.in/,,East Godavari
142,Godavari Institute of Engineering and Technology,,,GIER,C127,,Unknown,,https://giet.ac.in/,,East Godavari
143,Gokaraju Rangaraju Institute of Engineering & Technology,,,GRRR,C245,,Unknown,,https://www.griet.ac.in/,,Hyderabad
144,Gokul Institute of Technology & Sciences,,,GGIB,C216,,Unknown,,,,Vizianagaram
145,Gouthami Institute of Technology And management For Women,,,GTMW,C034,,Unknown,,https://www.gitamw.ac.in/,,Kadapa
146,Government Arts and Science College Aranthangi,,,,C496,,Unknown,,https://tngasa.com/government-arts-and-science-college-aranthangi/,,Pudukkottai
147,Government Engineering College Arwal Bihar,,,,C298,,Unknown,,https://www.gecarwal.ac.in/,,Arwal
148,Graphic Era Hill University,,,,C430,,Unknown,,https://www.gehu.ac.in/,,Dehradun
149,Gurunanak Institute of Technology,,,GNIT,C132,,Unknown,,https://gnit.ac.in/,,Rangareddy
150,Gurunanak Institutions Technical Campus,,,GURU,C133,,Unknown,,https://www.gniindia.org/gnitc/,,Rangareddy
151,Holy Mary Institute of Technology and Science College of Engineering,,,HMTK,C135,,Unknown,,https://www.hits.ac.in/,,Medchal
152,Hyderabad Institute of Technology & Management,,,HITM,C246,,Unknown,,https://hitam.org/,,Hyderabad
153,"ICFAI University, Hyderabad",,,,C317,,Unknown,,https://www.icfaiuniversity.in/ifhe/,,Hyderabad
154,Ideal Institute Of Technology,,,,C451,,Unknown,,idealinstitute.ac.in,,Ghaziabad
155,IIIT Hyderabad,,,,C381,,Unknown,,,,Unknown
156,IIIT Kadapa,,,,C456,,Unknown,,iiitk.ac.in,,Kadapa
157,IIIT Sonepat,,,,C316,,Unknown,,https://iiitsonepat.ac.in/,,Sonipat
158,IIT Indore,,,,C404,,Unknown,,https://www.iiti.ac.in/,,Indore
159,IIT Tirupati,,,,C339,,Unknown,,https://www.iittp.ac.in/,,Chittoor
160,Indhira Gandhi National Open University,,,,C299,,Unknown,,https://www.ignou.ac.in/,,Unknown
161,Indian Institute of Information Technology Design and Manufacturing Kurnool,,,,C340,,Unknown,,https://iiitk.ac.in/,,Kurnool
162,"Indian Institute of Information Technology Design and Manufacturing, Kancheepuram",,,,C431,,Unknown,,https://www.iiitdm.ac.in/,,Kancheepuram
163,Indian Institute of Science Education and Research Bhopal,,,,C446,,Unknown,,iiserb.ac.in,,Bhopal
164,Indian Institute of Technology Hyderabad,,,,C383,,Unknown,,,,Unknown
165,Indraprastha Institute of Information Technology Delhi (IIIT-Delhi),,,,C318,,Unknown,,https://www.iiitd.ac.in/,,Unknown
166,Indur Institute of Engineering & Technology,,,IITT,C059,,Unknown,,http://www.induriet.edu.in/,,Medak
167,Institute of Aeronautical Engineering,,,IARE,C173,,Unknown,,https://www.iare.ac.in/,,Medchal
168,International Institute of Information Technology Naya Raipur,,,,C354,,Unknown,,,,Raipur
169,Jai Shriram Engineering College,,,,C410,,Unknown,,"https://jayshriram.edu.in/about-us/#:~:text=world%20through%20eternity.-,Dr.,for%20more%20than%2023%20years.",,Tiruchirappalli
170,Jawaharlal Nehru government polytechnic,,,,C355,,Unknown,,,,Hyderabad
171,Jawaharlal Nehru Technological University Anantapur,,,,C377,,Unknown,,,,Anantapur
172,Jawaharlal Nehru Technological University College of Engineering Kakinada,,,,C423,,Unknown,,https://www.jntuk.edu.in/,,East Godavari
173,Jawaharlal Nehru Technological University Hyderabad,,,,C432,,Unknown,,https://jntuh.ac.in/,,Hyderabad
174,"Jawaharlal Nehru university, New Delhi",,,,C300,,Unknown,,https://www.jnu.ac.in/main/,,Unknown
175,Jayamukhi Institute of Technological Sciences,,,JAYA,C136,,Unknown,,https://jayamukhi.ac.in/,,Warangal
176,Jayaprakash Narayan College of Engineering,,,IPNE,C289,,Unknown,,https://jpnce.ac.in/new/index.php,,Mahbubnagar
177,JB Institute of Engineering & Technology,,,JBIT,C137,,Unknown,,https://www.jbiet.edu.in/,,Rangareddy
178,JKLU University Jaipur,,,,C319,,Unknown,,https://jklu.edu.in/,,Jaipur
179,JNTUH University College of Engineering Jagtial,,,,C384,,Unknown,,,,Unknown
180,Joginapally Bhaskar Rao Institute of Engineering and Technology,,,,C320,,Unknown,,https://jbrec.edu.in/,,Rangareddy
181,Joginpally Br Engineering College,,,JOGI,C138,,Unknown,,https://jbrec.edu.in/,,Rangareddy
182,JSS Academy Of Technical Education Bangalore,,,,C393,,Unknown,,jssateb.ac.in,,Bangalore
183,Jyothishmathi Institute of Technological Sciences,,,JMTK,C139,,Unknown,,,,Karimnagar
184,Jyothishmathi Institute of Technology and Science,,,JMTS,C140,,Unknown,,https://jits.ac.in/,,Karimnagar
185,Jyothismathi Institute of Technology and Science,,,,C472,,Unknown,,https://jits.ac.in/,,Karimnagar
186,K.C.College of Engineering and Management Studies and Research,,,,C453,,Unknown,,kccemsr.edu.in,,Thane
187,K.Ramakrishnan College of Engineering,,,,C409,,Unknown,,https://www.krce.ac.in/,,Tiruchirappalli
188,Kakatiya Institute of Technology & Science,,,KITSW,C079,,Unknown,,https://www.kitsw.ac.in/,,Warangal
189,Kakatiya Institute of Technology & Science for Women,,,KITW,C268,,Unknown,,https://kitw.ac.in/,,Nizamabad
190,Kakinada Institute of Engineering and Technology,,,KIET,C012,,Unknown,,https://www.kietgroup.com/,,West Godavari
191,Kakinada Institute of Engineering and Technology for Women,,,KIEW,C014,,Unknown,,https://www.kietgroup.com/kietw/index.html,,East Godavari
192,Kakinada Institute of Engineering and Technology-II,,,KIEK,C013,,Unknown,,https://www.kietgroup.com/KIET2/index.html,,East Godavari
193,Kakinada Institute of Technology and Science,,,KISR,C143,,Unknown,,http://www.kitsdivili.ac.in/,,East Godavari
194,Kalasalingam University,,,,C321,,Unknown,,https://www.kalasalingam.ac.in/,,Virudhunagar
195,Kalinga University,,,,C387,,Unknown,,,,Unknown
196,Kallam Harinadh Reddy Institute of Technology,,,KHIT,C233,,Unknown,,https://khitguntur.ac.in/,,Guntur
197,Kamala Institute of Technology & Science,,,KTKM,C271,,Unknown,,https://www.kitssingapuram.ac.in/,,Karimnagar
198,Keshav Memorial Institute of Technology,,,KMIT,C141,,Unknown,,https://www.kmit.in/,,Hyderabad
199,KG Reddy College of Engineering & Technology,,,KGRH,C258,,Unknown,,https://kgr.ac.in/,,Rangareddy
200,Khammam Institute of Technology & Sciences,,,KMTS,C273,,Unknown,,,,Khammam
201,KIET Group of Institutions,,,,C506,,Unknown,,https://www.kiet.edu/overview,,Ghaziabad
202,KKR & KSR Institute of Technology & Sciences,,,KITS,C046,,Unknown,,https://www.kitsguntur.ac.in/,,Guntur
203,KL Business School,,,,C441,,Unknown,,https://www.kluniversity.in/mba/,,Guntur
204,KL College of Pharmacy,,,,C440,,Unknown,,https://www.kluniversity.in/pharmacy/,,Guntur
205,KL Hyderabad,,,,C449,,Unknown,,kluniversity.in,,Rangareddy
207,KLE Society's S. Nijalingappa College,,,,C433,,Unknown,,https://klesnc.edu.in/,,Bangalore
208,Kodada Institute of Technology & Science For Women,,,KDDW,C286,,Unknown,,http://kitskodad.in/,,Nalgonda
209,Kommuri Pratap Reddy Institute of Technology,,,KPRT,C247,,Unknown,,https://www.kpritech.ac.in/,,Medchal
210,Koringa College of Pharmacy,,,KCPT,C083,,Unknown,,https://koringacollegeofpharmacy.co.in/wp/,,East Godavari
211,Krishna University,,,,C292,,Unknown,,https://kru.ac.in/,,Krishna
212,Krupanidhi Group of Institutions,,,,C477,,Unknown,,https://krupanidhi.edu.in/,,Bangalore
213,Kshatriya College of Engineering,,,KCEA,C277,,Unknown,,https://www.kcea.in/,,Nizamabad
214,KSRM College Of Engineering,,,KSRM,C029,,Unknown,,https://www.ksrmce.ac.in/,,Kadapa
215,Kuppam Engineering College,,,KUPM,C238,,Unknown,,https://kec.ac.in/,,Chittoor
216,L4G,,,L4G,C068,,Unknown,,,,Hyderabad
217,Lakkireddy Balireddy College of Engineering,,,LBCE,C030,,Unknown,,https://lbrce.ac.in/,,Krishna
218,Lendi Institute of Engineering and Technology,,,LIET,C212,,Unknown,,https://lendi.org/,,East Godavari
219,Lenora College of Engineering,,,,C322,,Unknown,,,,East Godavari
220,Lingayas Institute of Management and Technology,,,LIMT,C228,,Unknown,,,,Krishna
221,"Lok Nayak Jai Prakash Institute of Technology, Chhapra",,,,C385,,Unknown,,,,Unknown
222,Lovely Professional University,,,VGWL,C092,,Unknown,,,,Unknown
223,Loyola Academy Degree and PG College,,,,C434,,Unknown,,,,Medchal
224,Loyola Institute of Technology and Management,,,,C373,,Unknown,,,,Guntur
225,M. Kumarasamy College of Engineering,,,,C499,,Unknown,,https://www.mkce.ac.in/,,Karur
226,M.V.R College of Engineering & Technology,,,MVRS,C229,,Unknown,,,,Rangareddy
227,Madanapalle Institute of Technology & Science,,,MITS,C041,,Unknown,,,,Chittoor
228,Maharajha's College of Pharmacy,,,MHRJ,C075,,Unknown,,,,Vizianagaram
229,Mahatma Gandhi Institute of Technology,,,MGIT,C117,,Unknown,,,,Hyderabad
230,Mahaveer Institute of Science & Technology,,,MHVR,C259,,Unknown,,,,Rangareddy
231,"MAHE , MANIPAL INSTITUTE OF TECHNOLOGY BENGALURU",,,,C394,,Unknown,,manipal.edu/mit,,Bangalore
232,Mahindra University,,,,C382,,Unknown,,,,Unknown
233,Malineni Lakshmaiah Womens Engineering College,,,MLEW,C032,,Unknown,,,,Guntur
234,Malineni Perumallu Educational Society's Group of Institutions,,,MPES,C040,,Unknown,,,,Guntur
235,Malla Reddy College of Engineering,,,MRCE,C167,,Unknown,,,,Hyderabad
236,Malla Reddy College of Engineering and Technology,,,,C466,,Unknown,,https://mrcet.com/,,Rangareddy
237,Malla Reddy College of Engineering for Women,,,,C467,,Unknown,,http://www.mrcew.ac.in/,,Rangareddy
238,Malla Reddy Engineering College & Management Sciences,,,MREM,C169,,Unknown,,,,Rangareddy
239,Malla Reddy Engineering College for Women,,,MRCW,C072,,Unknown,,,,Rangareddy
240,Malla Reddy Group,,,MREW,C087,,Unknown,,,,Rangareddy
241,Malla Reddy Institute of Engineering & Technology,,,MRET,C144,,Unknown,,,,Rangareddy
242,Malla Reddy Institute of Technology,,,MLTM,C145,,Unknown,,,,Rangareddy
243,Malla Reddy Institute of Technology & Science,,,MRIT,C146,,Unknown,,,,Rangareddy
244,Malla Reddy University / Previously Malla Reddy Engineering College,,,MREC,C168,,Unknown,,,,Rangareddy
245,Mallareddy College Of Engineering,,,,C380,,Unknown,,,,Unknown
246,Mallareddy College of Engineering & Technology,,,MLRD,C170,,Unknown,,,,Rangareddy
247,Mallareddy University,,,,C341,,Unknown,,,,Rangareddy
248,Mangalore Institute of Technology and Engineering,,,,C435,,Unknown,,mite.ac.in,,Dakshina Kannada
249,Manipal University Jaipur,,,,C490,,Unknown,,https://jaipur.manipal.edu/,,Jaipur
250,Marri Laxman Reddy Institute of Technology & Management,,,MLRS,C174,,Unknown,,,,Rangareddy
251,Matrusri Engineering College,,,MECS,C094,,Unknown,,,,Hyderabad
252,"Maulana Azad National Institute of Technology, Bhopal",,,,C342,,Unknown,,,,Bhopal
253,Medak College of Engineering & Technology,,,MEDK,C280,,Unknown,,,,Siddipet
254,Meenakshi Chandrasekaran College of Arts & Science,,,,C455,,Unknown,,.,,Thanjavur
255,Megha Institute of Engineering & Technology for Women,,,,C469,,Unknown,,https://meghaengg.ac.in/,,Medchal
256,Methodist College of Engineering and Technology,,,MCET,C065,,Unknown,,,,Hyderabad
257,MLR Institute of Technology,,,MLID,C147,,Unknown,,,,Unknown
258,MNR College of Engineering and Technology,,,MNRT,C176,,Unknown,,,,Medak
259,Mohan Babu University,,,,C343,,Unknown,,,,Chittoor
260,Mother Teresa Institute of Science & Technology,,,MOTK,C163,,Unknown,,,,Khammam
261,Mother Theressa College of Engineering & Technology,,,MTEC,C284,,Unknown,,,,Peddapalli
262,Motilal Nehru National Institute of Technology,,,,C503,,Unknown,,https://www.mnnit.ac.in/,,Allahabad
263,MRM College of Pharmacy,,,,C293,,Unknown,,,,Rangareddy
264,MSR Degree College,,,,C375,,Unknown,,,,Nellore
265,Muffakham Jah College of Engineering & Technology,,,MJCT,C263,,Unknown,,,,Hyderabad
266,MVGR College of Engineering,,,MVRG,C038,,Unknown,,,,Vizianagaram
267,MVSR Engineering College,,,MVSR,C160,,Unknown,,,,Hyderabad
268,N M A M I T NITTE KARKALA,,,,C296,,Unknown,,,,Udupi
269,Nalanda Institute of Engineering & Technology,,,NLND,C232,,Unknown,,,,Guntur
270,Nalla Narasimha Reddy Education Societys Group of Institutions,,,NNRG,C177,,Unknown,,,,Unknown
271,Nallamalla Reddy Engineering College,,,NREC,C178,,Unknown,,,,Medchal
272,Narasaraopeta Institute of Technology,,,NITN,C047,,Unknown,,,,Guntur
273,Narayana Engineering College  Gudur,,,NRNG,C181,,Unknown,,,,Nellore
274,Narayana Engineering College Nellore,,,NARN,C180,,Unknown,,,,Nellore
275,Narsaraopet Engineering College,,,NSPE,C022,,Unknown,,,,Guntur
276,Narsimha Reddy Engineering College,,,NRCM,C179,,Unknown,,,,Medchal
277,"National Institute of Technology , Durgapur",,,,C417,,Unknown,,https://nitdgp.ac.in/,,Barddhaman
278,National Institute of Technology Andhra Pradesh,,,,C356,,Unknown,,,,West Godavari
279,National Institute Of Technology Goa,,,,C325,,Unknown,,,,South Goa
280,National Institute of Technology Karnataka,,,,C324,,Unknown,,,,Dakshina Kannada
281,"National Institute of Technology, Calicut",,,,C344,,Unknown,,,,Kozhikode
282,Nawab Shah Alam Khan College of Engineering & Technology,,,NAWB,C264,,Unknown,,,,Hyderabad
283,NBKR Institute of Science & Technology,,,NBKR,C235,,Unknown,,,,Nellore
284,Neil Gogte Institute of Technology,,,NGIT,C142,,Unknown,,,,Medchal
285,"Netaji Subhas University of Technology, Delhi",,,,C326,,Unknown,,,,Unknown
286,Newton's Institute of Engineering,,,,C442,,Unknown,,https://newtonsnie.co.in/subpage.php?submenu_id=45,,Guntur
287,Nigama Engineering College,,,NGMA,C285,,Unknown,,,,Karimnagar
288,NIT Arunachal Pradesh,,,,C424,,Unknown,,https://www.nitap.ac.in/,,Papum Pare
289,NIT Srinagar,,,,C323,,Unknown,,,,Srinagar
290,NIT Warangal,,,,C357,,Unknown,,,,Unknown
291,NMAM Institute of Technology,,,,C345,,Unknown,,,,Udupi
292,NMIT Bangalore,,,,C390,,Unknown,,nmit.ac.in,,Bangalore
293,Nova Group of Colleges,,,NOVA,C182,,Unknown,,,,Hyderabad
294,"NRI Institute of Technology, Vijayawada",,,NRIA,C015,,Unknown,,,,Krishna
295,"NRI Institute of Technology, Perecharla",,,NRIT,C074,,Unknown,,,,Guntur
296,NS Raju Institute of Technology,,,NSRT,C218,,Unknown,,,,Visakhapatnam
297,NVR College of Engineering & Technology,,,,C425,,Unknown,,http://www.nannapaneni.org/,,Guntur
298,Om Sterling Global University,,,,C476,,Unknown,,https://www.osgu.ac.in/,,Hisar
299,"P.E.S Modern College of Engineering, Pune.",,,,C301,,Unknown,,,,Pune
300,P.V.K.K. Institute of Technology,,,PVKK,C242,,Unknown,,,,Anantapur
301,PACE Institute of Technology & Sciences,,,PACE,C055,,Unknown,,,,Prakasam
302,Pallavi Engineering College,,,,C470,,Unknown,,https://pallaviengineeringcollege.ac.in/,,Hyderabad
303,Panimalar Institute of Technology,,,,C436,,Unknown,,https://www.pit.ac.in/,,Chennai
304,Parul University,,,,C358,,Unknown,,,,Vadodara
305,PB Siddhartha College,,,PBSC,C070,,Unknown,,,,Krishna
306,PBR Visvodaya Institute of Technology & Science,,,,C460,,Unknown,,vitsnp.edu.in,,Nellore
307,"Pillai College of Engineering, New Panvel (Autonomous)",,,,C405,,Unknown,,https://www.pce.ac.in/,,Mumbai
308,Polaris School of Technology(Starex University),,,,C388,,Unknown,,,,Unknown
309,PSCMR College of Engineering and Technology,,,PSCV,C089,,Unknown,,,,Krishna
310,Pragati Engineering College,,,PRAG,C035,,Unknown,,,,East Godavari
311,Prakasam Engineering College,,,PKSK,C036,,Unknown,,,,Prakasam
312,Prasad V Potluri Siddhartha Institute of Technology,,,PPSV,C002,,Unknown,,,,Krishna
313,Prasiddha College of Engineering and Technology,,,PCET,C220,,Unknown,,,,East Godavari
314,Prathyusha Engineering College,,,,C414,,Unknown,,,,Unknown
315,Presidency University,,,,C418,,Unknown,,https://www.presiuniv.ac.in/web/,,Kolkata
316,Princeton Institute of Engineering & Technology For Women,,,PETW,C183,,Unknown,,,,Medchal
317,PRIST Deemed to be University,,,,C408,,Unknown,,https://www.prist.ac.in/,,Thanjavur
318,Priyadarashini Institute of Science & Technology,,,PIST,C184,,Unknown,,,,Hyderabad
319,PSNA COLLEGE OF ENGINEERING AND TECHNOLOGY,,,,C302,,Unknown,,,,Chennai
320,Pydah College of Engineering,,,PYDE,C154,,Unknown,,,,East Godavari
321,QIS College of Engineering & Technology,,,QISE,C061,,Unknown,,,,Prakasam
322,QIS Institute of Technology,,,QITO,C069,,Unknown,,,,Prakasam
323,R.M.K. Engineering College,,,,C346,,Unknown,,,,Thiruvallur
324,R.V.R.& J.C.College of Engineering(Autonomous),,,RVJC,C230,,Unknown,,,,Guntur
325,Raajdhani Engineering college,,,,C303,,Unknown,,,,Khordha
326,Raghu Engineering College,,,RAGU,C185,,Unknown,,,,Visakhapatnam
327,Raghu Institute of Technology,,,RITV,C085,,Unknown,,,,Visakhapatnam
328,Rajamahendri Institute of Engineering and Technology,,,RIET,C201,,Unknown,,,,East Godavari
329,Rajarambapu Institute of Technology,,,,C486,,Unknown,,https://ritindia.edu/ritwebsite/website/index.php,,Uttar Dinajpur
330,Rajeev Gandhi Memorial College of Engineering & Technology,,,RGIT,C064,,Unknown,,,,Kurnool
331,Rajiv Gandhi Institute of Petroleum Technology,,,,C327,,Unknown,,,,Azamgarh
332,"Rajiv Gandhi University of Knowledge Technologies, Nuzvid",,,,C328,,Unknown,,,,Krishna
333,Rajkiya Engineering College,,,,C502,,Unknown,,https://www.recabn.ac.in/,,Ambedkar Nagar
334,Ramachandra College of Engineering,,,RCEE,C224,,Unknown,,,,West Godavari
335,Ramaiah Institute of Technology,,,,C329,,Unknown,,,,Bangalore
336,Ramco Institute of Technology,,,,C307,,Unknown,,,,Virudhunagar
337,Ramdeobaba University (RBU),,,,C450,,Unknown,,rknec.edu,,Nagpur
338,Ravindra College of Engineering for Women,,,RCEW,C045,,Unknown,,,,Kurnool
339,REVA University,,,,C396,,Unknown,,reva.edu.in,,Bangalore
340,RGUKT Srikakulam,,,,C461,,Unknown,,rguktsklm.ac.in,,Srikakulam
341,Rise Krishna Sai Prakasam Group Of Institutions,,,,C365,,Unknown,,,,Prakasam
342,Rishi Ms Institute of Engineering & Technology For Women,,,RITW,C248,,Unknown,,,,Unknown
343,Roorkee Institute of Technology,,,,C416,,Unknown,,,,Dehradun
344,RRS College of Engineering & Technology,,,RRST,C279,,Unknown,,,,Sangareddy
345,Rural Engineering College Hulkoti,,,,C479,,Unknown,,https://www.rechulkoti.edu.in/,,Gadag
346,RVS College of engineering,,,,C330,,Unknown,,,,Coimbatore
347,S R University (Previously S R Engineering College),,,SRHP,C189,,Unknown,,,,Medak
348,S V Engineering College for Women,,,SVEC,C198,,Unknown,,,,Rangareddy
349,Sai Rajeswari Institute Of Technology,,,,C376,,Unknown,,,,Kadapa
350,Sai Spurthi Institute of Technology,,,SAIS,C274,,Unknown,,,,Khammam
351,Sai Tirumala NVR Engineering College,,,TRML,C253,,Unknown,,,,Guntur
352,Samhitha degree college,,,,C437,,Unknown,,https://www.samhithaedu.com/,,East Godavari
353,Samskruti College of Engineering & Technology,,,SMSK,C249,,Unknown,,,,Rangareddy
354,San Jose State University,,,,C420,,Unknown,,,,Unknown
355,Sana Engineering College,,,SANA,C287,,Unknown,,,,Unknown
356,Sanskrithi School of Engineering,,,SSSE,C243,,Unknown,,,,Anantapur
357,Santhiram Engineering College,,,SREC,C186,,Unknown,,,,Kurnool
358,Sarada Educational Institute,,,,C372,,Unknown,,,,Krishna
359,Saranathan College of Engineering,,,,C501,,Unknown,,https://saranathan.ac.in/,,Tiruchirappalli
360,Sasi Instiute of Technology & Engineering,,,SASI,C073,,Unknown,,,,West Godavari
361,SASTRA Deemed University,,,,C493,,Unknown,,https://www.sastra.edu/,,Thanjavur
362,Satya Institute of Technology & Management,,,SGVP,C134,,Unknown,,,,Vizianagaram
363,School of Information Technology (RGPV),,,,C452,,Unknown,,rgpv.ac.in,,Bhopal
364,Scient Institute of Technology,,,SNTI,C260,,Unknown,,,,Rangareddy
365,SCSVMV Deemed to be University,,,,C495,,Unknown,,https://kanchiuniv.ac.in/,,Kancheepuram
366,Seicom Degree College,,,,C457,,Unknown,,.,,Chittoor
367,Shadan College of Engineering and Technology,,,SCET,C148,,Unknown,,,,Hyderabad
368,Shadan Womens College of Engineering & Technology,,,SWET,C188,,Unknown,,,,Hyderabad
369,Shah & Anchor Kutchhi Engineering College,,,,C454,,Unknown,,shahandanchor.com,,Mumbai
370,Shanmuga Industries Arts & Science College,,,,C497,,Unknown,,https://www.shanmugacollege.edu.in/,,Tiruvannamalai
371,Shri Madhwa Vadiraja Institute of Technology & Management,,,,C445,,Unknown,,smvitm.ac.in,,Udupi
372,Shri Vishnu College of Pharmacy,,,SCPB,C066,,Unknown,,,,West Godavari
373,Siddaganga Institute of Technology,,,,C391,,Unknown,,sit.ac.in,,Tumakuru
374,Siddharatha Institute of Technology & Sciences,,,SISG,C250,,Unknown,,,,Hyderabad
375,Siddharth Institute of Engineering and Technology,,,SDTN,C156,,Unknown,,,,Rangareddy
376,Siddhartha Institute of Engineering & Technology,,,SIEI,C261,,Unknown,,,,Hyderabad
377,Siliguri Institute of Technology,,,,C304,,Unknown,,,,Darjiling
378,Silver Oak University,,,,C305,,Unknown,,,,Ahmadabad
379,Sir CR Reddy College of Engineering,,,CRRE,C007,,Unknown,,,,West Godavari
380,Sir CRR COLLEGE OF PHARMACEUTICAL SCIENCES,,,,C347,,Unknown,,,,West Godavari
381,Sir Padampat Singhania University,,,,C489,,Unknown,,https://www.spsu.ac.in/,,Jhunjhunun
382,Sitamarhi Institute Of Technology,,,,C306,,Unknown,,,,Sitamarhi
383,Smt B. Seetha Polytechnic,,,,C362,,Unknown,,,,West Godavari
384,SNS College of Engineering,,,,C438,,Unknown,,https://snsce.ac.in/,,Coimbatore
385,SNS College of Technology,,,,C500,,Unknown,,https://snsct.org/,,Coimbatore
386,Sphoorthy Engineering College,,,SPHN,C021,,Unknown,,,,Hyderabad
387,SR Gudlavalleru Engineering College,,,GDLV,C131,,Unknown,,,,Krishna
388,SR University,,,,C378,,Unknown,,,,Unknown
389,"Sree Buddha College of Engineering, Pattoor",,,,C402,,Unknown,,https://sbce.ac.in/,,Alappuzha
390,Sree Chaitanya College of Engineering,,,CHTN,C190,,Unknown,,,,Rangareddy
391,Sree Chaitanya Institute of Technological Sciences,,,CHTS,C191,,Unknown,,,,Karimnagar
392,Sree Dattha Institute of Engineering and Science,,,SDES,C192,,Unknown,,,,Rangareddy
393,Sree Kavitha Engineering College,,,SKEC,C275,,Unknown,,,,Khammam
394,Sreenidhi Institute of Science & Technology,,,SNIS,C193,,Unknown,,,,Medchal
395,Sreenivasa Institute of Technology and Management Studies,,,SSCC,C157,,Unknown,,,,Chittoor
396,Sreyas Institute of Engineering & Technology,,,SRYS,C251,,Unknown,,,,Medchal
397,Sri Durga Malleswara Siddhartha Mahila Kalasala,,,SDMS,C056,,Unknown,,,,Krishna
398,Sri Indu College of Engineering & Technology,,,INDU,C194,,Unknown,,,,Rangareddy
399,Sri Indu Institute of Engineering and Technology,,,INDI,C149,,Unknown,,,,Rangareddy
400,SRI KRISHNADEVARAYA UNIVERSITY COLLEGE OF ENGINEERING AND TECHNOLOGY,,,,C331,,Unknown,,,,Anantapur
401,Sri Mittapalli College of Engineering,,,MPLG,C172,,Unknown,,,,Guntur
402,Sri Mittapalli Institute of Technology For Women,,,MPLW,C171,,Unknown,,,,Guntur
403,Sri Prakash College of Engineering,,,SPCT,C221,,Unknown,,,,West Godavari
404,Sri Sai Ram Engineering College,,,,C348,,Unknown,,,,Chennai
405,Sri Sairam Engineering College,,,,C415,,Unknown,,,,Kancheepuram
406,Sri Sarada Niketan College of Science for Women,,,,C498,,Unknown,,http://ssnc.ac.in/departments.php?id=14,,Karur
407,Sri Sivani college of Engineering,,,SSCE,C153,,Unknown,,,,Srikakulam
408,Sri Sunflower College of Engineering And Technology,,,,C332,,Unknown,,,,Krishna
409,Sri Vasavi Engineering College  Tadepalligudem,,,VSVT,C222,,Unknown,,,,West Godavari
410,Sri Vasavi Institute of Engineering and Technology,,,,C439,,Unknown,,https://www.sviet.edu.in/,,Krishna
411,Sri Venkatesa Perumal College of Engineering and Technology,,,SVPP,C187,,Unknown,,,,Chittoor
412,Sri Venkateshwara University College of Engineering,,,,C359,,Unknown,,,,Chittoor
413,Sri Venkateswara College of Engineering,,,SVCE,C150,,Unknown,,,,Chittoor
414,Sri Venkateswara College of Engineering and Technology,,,SVCT,C020,,Unknown,,,,Chittoor
415,Sri Venkateswara Engineering College,,,SVES,C288,,Unknown,,,,Unknown
416,Mohanbabu University(Sri Vidya Niketan Engineering College),,,SVNE,C027,,Unknown,,,,Chittoor
417,Sri Vishnu Engineering College for Women,,,VISW,C004,,Unknown,,,,West Godavari
418,Sridevi Womens Engineering College,,,SDEW,C262,,Unknown,,,,Rangareddy
419,Srinivas Institute of Technology,,,,C349,,Unknown,,,,Dakshina Kannada
420,Srinivasa Educational Institute of Commerce,,,SEICOM,C043,,Unknown,,,,Chittoor
421,Srinivasa Ramanujan Institute of Technology,,,SRIT,C023,,Unknown,,,,Anantapur
422,SRK Institute of Technology,,,SRKI,C019,,Unknown,,,,Krishna
423,SRKR Engineering College,,,SRKR,C028,,Unknown,,,,West Godavari
424,SRM Institute of Science and Technology,,,,C333,,Unknown,,,,Kancheepuram
425,SRM University AP Amaravathi,,,,C363,,Unknown,,,,Guntur
426,St Martins Engineering College,,,MRTN,C175,,Unknown,,,,Medchal
427,St Marys Group of Institutions,,,SMED,C195,,Unknown,,,,Hyderabad
428,St Peters Engineering College,,,SPEC,C252,,Unknown,,,,Medchal
429,St. Thomas College Autonomous Thrissur,,,STTH,C090,,Unknown,,,,Thrissur
430,St.Anns College of Engineering and Technology,,,ANSN,C234,,Unknown,,,,Guntur
431,St.Marys Group of Institutions Guntur,,,SMGG,C197,,Unknown,,,,Guntur
432,St.Marys Womens Engineering College,,,STMW,C196,,Unknown,,,,Guntur
433,Stanley College of Engineering & Technology for women,,,STLW,C060,,Unknown,,,,Hyderabad
434,Sumathi Reddy Institute of Technology For Women,,,SRIW,C269,,Unknown,,,,Warangal
435,Sun Arts & Science College,,,,C491,,Unknown,,https://suncolleges.ac.in/,,Tiruvannamalai
436,SVS Group of Institutions,,,SVSE,C199,,Unknown,,,,Unknown
437,Swami Ramananda Thirtha Institute of Science & Technology,,,SRTI,C283,,Unknown,,,,Nalgonda
438,Swami Vivekananda Institute of Technology,,,SVIT,C265,,Unknown,,,,Hyderabad
439,Swarna Bharathi Institute of Scince & Technology,,,SBIT,C164,,Unknown,,,,Khammam
440,Swarnandhra College of Engineering & Technology,,,SWRN,C200,,Unknown,,,,West Godavari
441,Swarnandhra Institute of Engineering and Technology,,,SIET,C151,,Unknown,,,,West Godavari
442,Talla Padmavathi College of Engineering,,,TPCE,C270,,Unknown,,,,Unknown
443,Teegala Krishna Reddy Engineering College,,,TKEM,C202,,Unknown,,,,Rangareddy
444,Thandra Paparaya Institute of Sciences & Technology,,,TPIB,C214,,Unknown,,,,Vizianagaram
445,The Apollo University,,,,C308,,Unknown,,,,Chittoor
446,The Assam Kaziranga University,,,,C350,,Unknown,,,,Jorhat
447,Tirumala Engineering College,,,TMLN,C231,,Unknown,,,,Guntur
448,TKR College of Engineering & Technology,,,TKRC,C203,,Unknown,,,,Rangareddy
449,Trinity College of Engineering & Technology,,,TCTK,C204,,Unknown,,,,Peddapalli
450,Trinity College of Engineering & Technology Peddapally,,,TCEK,C205,,Unknown,,,,Unknown
451,Tssm's Bhivarabai College of Engineering and Research,,,,C351,,Unknown,,,,Unknown
452,"University Institute of Technology, RGPV Bhopal",,,,C482,,Unknown,,https://www.uitrgpv.ac.in/,,Bhopal
453,University Of Allahabad,,,,C504,,Unknown,,https://www.allduniv.ac.in/,,Gonda
454,University of South Florida,,,,C334,,Unknown,,,,Unknown
455,University of Visvesvaraya College of Engineering,,,,C481,,Unknown,,https://uvce.ac.in/,,Bangalore
456,Usha Rama College of Engineering & Technology,,,URCE,C155,,Unknown,,,,Krishna
457,Vaagdevi Engineering College,,,VGWL,C093,,Unknown,,,,Warangal
458,Vaageswari College of Engineering,,,VGSE,C105,,Unknown,,,,Karimnagar
459,Vardhaman College of Engineering,,,VMEG,C005,,Unknown,,,,Hyderabad
460,Vasavi College of Engineering,,,VASV,C266,,Unknown,,,,Hyderabad
461,Vasireddy Venkatadri Institute of Technology,,,VVIT,C001,,Unknown,,,,Guntur
462,Vel Tech Rangarajan Dr. Sagunthala R&D Institute of Science and Technology,,,,C411,,Unknown,,https://www.veltech.edu.in/,,Thiruvallur
463,Velagapudi Ramakrishna Siddhartha Engineering College,,,VRSE,C003,,Unknown,,,,Krishna
464,"Vellore Institute of Technology , Vellore",,,,C426,,Unknown,,https://vit.ac.in/,,Vellore
465,Vemana Institute of Technology,,,,C397,,Unknown,,vemanait.edu.in,,Bangalore
466,Vemu Institute of Technology,,,VEMU,C158,,Unknown,,,,Chittoor
467,Vidya Jyothi Institute of Technology,,,VJIT,C099,,Unknown,,,,Sangareddy
468,Vienna university,,,,C352,,Unknown,,,,Unknown
469,Vignan Institute of Technology and Science,,,VGNT,C209,,Unknown,,,,Yadadri Bhuvanagiri
470,"Vignan's Foundation for Science, Technology and Research",,,VFST,C067,,Unknown,,,,Guntur
471,Vignan's Institute of Engineering For Women,,,VIEW,C080,,Unknown,,,,Visakhapatnam
472,Vignan's Institute of Information Technology,,,VIVP,C049,,Unknown,,,,Visakhapatnam
473,Vignan's Nirula Institute of Technology & Science for Women,,,VNIW,C071,,Unknown,,,,Guntur
474,Vignana Bharathi Institute of Technology,,,VBIT,C206,,Unknown,,,,Hyderabad
475,Vignana Bharati Engineering Colllege,,,VBEC,C207,,Unknown,,,,Hyderabad
476,Vignans Institute of Management and Technology for Women,,,VMTW,C208,,Unknown,,,,Medchal
477,Vignans Institute of Technology & Aeronautical Engineering,,,VITA,C152,,Unknown,,,,Nalgonda
478,Vignans Lara Institute of Technology & Science,,,VLIT,C225,,Unknown,,,,Guntur
479,Vijay Rural Engineering College,,,VREC,C278,,Unknown,,,,Nizamabad
480,Vijaya Engineering College,,,VJYA,C276,,Unknown,,,,Khammam
481,Vijaya Institute of Technology for Women,,,VITW,C057,,Unknown,,,,Krishna
482,"Vijayam Science & Arts Degree College, Chittoor",,,,C465,,Unknown,,.,,Chittoor
483,Vikas Group of Institutions,,,,C360,,Unknown,,,,Krishna
484,Vimal Jyothi Engineering College,,,,C401,,Unknown,,https://www.vjec.ac.in/,,Kannur
485,Vishnu Dental College,,,VSNU,C077,,Unknown,,,,East Godavari
486,Vishnu Institute of Technology,,,VITB,C018,,Unknown,,,,East Godavari
487,Visvesvaraya College of Engineering & Technology,,,VCET,C161,,Unknown,,,,Hyderabad
488,Viswam Engineering College,,,SVTM,C210,,Unknown,,,,Chittoor
489,VIT Bhopal University,,,,C335,,Unknown,,,,Bhopal
490,VIT-AP University,,,,C374,,Unknown,,,,Krishna
491,Vivekananda Inistitute of Technology & Science,,,VVKN,C272,,Unknown,,,,Karimnagar
492,VNR Vignana Jyothi Institute of Engineering & Technology,,,VJEC,C078,,Unknown,,,,Hyderabad
493,"Walchand Institute of Technology, Solapur",,,,C295,,Unknown,,,,Solapur
494,"Wellfare Institute of Science, Technology and Management",,,,C367,,Unknown,,,,Visakhapatnam
495,GITAM University Bangalore,,,,C211,,Unknown,,,,Unknown
496,St. John's college of engineering and technology,SJCET,,JONY,C473,,Unknown,,,,Kurnool
530,Other,Other,,,C999,,Unknown,,,,Unknown
529,"International Institute of Information Technology, Naya Raipur",IIIT Raipur,,,C508,,Unknown,,,,Raipur
206,Koneru Lakshmaiah University,KLU,,,C294,,Unknown,,https://www.kluniversity.in/,,Guntur
